14:45:27, 11.86, 1005.67 , 61.12 , 85.37
14:45:37, 11.86, 1005.67 , 61.14 , 85.37
14:45:39, 11.86, 1005.67 , 61.15 , 85.46
14:45:49, 11.86, 1005.67 , 61.15 , 85.29
14:46:00, 11.86, 1005.67 , 61.15 , 85.29
14:46:12, 11.85, 1005.65 , 61.15 , 85.37
14:46:23, 11.85, 1005.65 , 61.15 , 85.55
14:46:33, 11.85, 1005.65 , 61.14 , 85.37
14:46:43, 11.85, 1005.67 , 61.13 , 85.37
14:46:53, 11.85, 1005.67 , 61.13 , 85.55
14:47:03, 11.86, 1005.69 , 61.11 , 85.29
14:47:14, 11.86, 1005.71 , 61.09 , 85.11
14:47:24, 11.86, 1005.69 , 61.07 , 85.37
14:47:34, 11.86, 1005.69 , 61.05 , 85.29
14:47:44, 11.86, 1005.69 , 61.02 , 85.11
14:47:54, 11.87, 1005.69 , 61.03 , 85.55
14:48:10, 11.87, 1005.67 , 61.04 , 85.20
14:48:20, 11.88, 1005.71 , 61.03 , 85.11
14:48:30, 11.88, 1005.69 , 61.00 , 85.46
14:48:43, 11.89, 1005.69 , 60.99 , 84.94
14:48:47, 11.89, 1005.67 , 60.96 , 85.20
14:49:13, 11.90, 1005.71 , 60.95 , 85.20
14:49:13, 11.90, 1005.71 , 60.92 , 85.03
14:49:33, 11.91, 1005.69 , 60.92 , 85.11
14:49:33, 11.92, 1005.71 , 60.93 , 84.85
14:49:54, 11.92, 1005.71 , 60.92 , 85.11
14:49:54, 11.92, 1005.69 , 60.93 , 85.20
14:50:05, 11.93, 1005.69 , 60.95 , 84.85
14:50:25, 11.93, 1005.71 , 60.95 , 84.77
14:50:25, 11.94, 1005.71 , 60.96 , 85.03
14:50:45, 11.94, 1005.69 , 60.96 , 84.85
14:50:45, 11.95, 1005.69 , 60.96 , 84.85
14:51:03, 11.95, 1005.69 , 60.96 , 84.85
14:51:03, 11.95, 1005.71 , 60.97 , 84.94
14:51:23, 11.95, 1005.71 , 60.99 , 84.77
14:51:23, 11.96, 1005.71 , 60.99 , 84.77
14:51:44, 11.96, 1005.71 , 60.99 , 84.77
14:51:44, 11.96, 1005.71 , 60.99 , 84.77
14:52:04, 11.96, 1005.71 , 61.00 , 84.68
14:52:04, 11.97, 1005.69 , 60.99 , 84.85
14:52:28, 11.97, 1005.69 , 60.99 , 84.68
14:52:28, 11.97, 1005.69 , 60.98 , 84.68
14:52:42, 11.97, 1005.69 , 61.01 , 84.68
14:52:55, 11.97, 1005.73 , 61.01 , 85.03
14:53:00, 11.97, 1005.73 , 61.01 , 84.77
14:53:10, 11.97, 1005.73 , 61.01 , 84.85
14:53:19, 11.97, 1005.71 , 61.03 , 84.85
14:53:29, 11.97, 1005.71 , 61.03 , 84.77
14:53:46, 11.97, 1005.71 , 61.04 , 84.85
14:53:53, 11.97, 1005.71 , 61.07 , 84.85
14:54:03, 11.97, 1005.71 , 61.11 , 84.85
14:54:10, 11.96, 1005.71 , 61.13 , 84.77
14:54:23, 11.96, 1005.71 , 61.12 , 84.59
14:54:37, 11.96, 1005.71 , 61.13 , 84.85
14:54:44, 11.96, 1005.71 , 61.15 , 84.85
14:54:51, 11.96, 1005.71 , 61.15 , 84.59
14:55:09, 11.96, 1005.71 , 61.15 , 84.68
14:55:17, 11.96, 1005.73 , 61.14 , 84.77
14:55:27, 11.96, 1005.73 , 61.15 , 84.68
14:55:37, 11.96, 1005.73 , 61.13 , 84.68
14:55:48, 11.96, 1005.73 , 61.13 , 84.51
14:55:58, 11.97, 1005.73 , 61.13 , 84.77
14:56:09, 11.97, 1005.73 , 61.11 , 84.77
14:56:19, 11.97, 1005.73 , 61.09 , 84.85
14:56:30, 11.97, 1005.73 , 61.09 , 84.77
14:56:40, 11.97, 1005.73 , 61.10 , 84.85
14:56:50, 11.97, 1005.73 , 61.10 , 84.77
14:56:59, 11.97, 1005.73 , 61.11 , 84.85
14:57:11, 11.97, 1005.73 , 61.11 , 84.68
14:57:21, 11.97, 1005.73 , 61.14 , 84.68
14:57:37, 11.97, 1005.73 , 61.16 , 84.77
14:57:47, 11.97, 1005.73 , 61.16 , 84.85
14:57:57, 11.97, 1005.73 , 61.15 , 84.68
14:58:00, 11.97, 1005.73 , 61.13 , 84.77
14:58:10, 11.97, 1005.73 , 61.15 , 84.85
14:58:20, 11.97, 1005.73 , 61.17 , 84.68
14:58:30, 11.97, 1005.73 , 61.19 , 84.94
14:58:45, 11.96, 1005.75 , 61.17 , 84.42
14:58:55, 11.96, 1005.75 , 61.19 , 84.77
14:59:01, 11.96, 1005.75 , 61.21 , 84.68
14:59:11, 11.95, 1005.77 , 61.22 , 84.94
14:59:23, 11.95, 1005.77 , 61.22 , 84.59
14:59:33, 11.95, 1005.75 , 61.25 , 84.94
14:59:47, 11.94, 1005.75 , 61.27 , 84.94
14:59:57, 11.94, 1005.77 , 61.27 , 84.85
15:00:08, 11.93, 1005.75 , 61.27 , 84.94
15:00:21, 11.93, 1005.77 , 61.29 , 84.94
15:00:27, 11.92, 1005.77 , 61.30 , 84.85
15:00:37, 11.91, 1005.79 , 61.31 , 84.94
15:00:46, 11.91, 1005.77 , 61.34 , 84.85
15:00:56, 11.90, 1005.77 , 61.36 , 84.94
15:01:06, 11.90, 1005.79 , 61.36 , 85.03
15:01:16, 11.89, 1005.75 , 61.38 , 85.20
15:01:27, 11.88, 1005.75 , 61.37 , 84.94
15:01:37, 11.88, 1005.77 , 61.41 , 85.03
15:02:03, 11.87, 1005.75 , 61.41 , 85.03
15:02:03, 11.87, 1005.77 , 61.42 , 85.11
15:02:24, 11.86, 1005.77 , 61.45 , 85.11
15:02:24, 11.86, 1005.77 , 61.44 , 85.29
15:02:29, 11.85, 1005.75 , 61.43 , 85.37
15:02:40, 11.85, 1005.77 , 61.43 , 85.20
15:02:50, 11.85, 1005.77 , 61.44 , 85.29
15:03:07, 11.84, 1005.77 , 61.46 , 85.29
15:03:12, 11.84, 1005.79 , 61.48 , 85.37
15:03:21, 11.84, 1005.77 , 61.46 , 85.29
15:03:36, 11.83, 1005.77 , 61.44 , 85.11
15:03:45, 11.83, 1005.77 , 61.44 , 85.20
15:03:56, 11.83, 1005.77 , 61.45 , 85.11
15:04:04, 11.83, 1005.77 , 61.43 , 84.94
15:04:14, 11.83, 1005.79 , 61.44 , 85.20
15:04:25, 11.83, 1005.79 , 61.41 , 85.11
15:04:36, 11.83, 1005.79 , 61.41 , 85.29
15:04:48, 11.82, 1005.79 , 61.40 , 85.11
15:04:55, 11.82, 1005.79 , 61.40 , 85.20
15:05:05, 11.82, 1005.79 , 61.41 , 85.03
15:05:17, 11.82, 1005.81 , 61.40 , 85.29
15:05:29, 11.82, 1005.81 , 61.42 , 85.03
15:05:38, 11.82, 1005.81 , 61.41 , 85.20
15:05:48, 11.82, 1005.81 , 61.41 , 85.29
15:06:02, 11.82, 1005.81 , 61.41 , 85.46
15:06:09, 11.82, 1005.81 , 61.40 , 85.37
15:06:28, 11.82, 1005.79 , 61.41 , 85.03
15:06:29, 11.82, 1005.79 , 61.42 , 85.03
15:06:39, 11.81, 1005.79 , 61.41 , 85.11
15:06:59, 11.81, 1005.81 , 61.44 , 85.11
15:07:02, 11.81, 1005.79 , 61.45 , 85.29
15:07:11, 11.81, 1005.79 , 61.44 , 85.55
15:07:21, 11.81, 1005.81 , 61.43 , 85.29
15:07:31, 11.81, 1005.81 , 61.44 , 85.46
15:07:43, 11.81, 1005.81 , 61.44 , 85.20
15:07:55, 11.80, 1005.83 , 61.44 , 85.37
15:08:12, 11.80, 1005.83 , 61.44 , 85.46
15:08:14, 11.80, 1005.81 , 61.46 , 85.20
15:08:29, 11.80, 1005.81 , 61.47 , 85.29
15:08:35, 11.79, 1005.83 , 61.49 , 85.29
15:08:45, 11.79, 1005.83 , 61.52 , 85.37
15:09:04, 11.79, 1005.83 , 61.52 , 85.20
15:09:06, 11.79, 1005.83 , 61.52 , 84.94
15:09:16, 11.79, 1005.85 , 61.52 , 85.37
15:09:27, 11.78, 1005.85 , 61.51 , 85.20
15:09:36, 11.78, 1005.85 , 61.51 , 85.37
15:09:47, 11.78, 1005.87 , 61.52 , 85.20
15:09:57, 11.78, 1005.85 , 61.53 , 85.37
15:10:17, 11.78, 1005.85 , 61.53 , 85.11
15:10:18, 11.78, 1005.89 , 61.54 , 85.20
15:10:28, 11.78, 1005.91 , 61.60 , 85.29
15:10:48, 11.80, 1005.91 , 62.08 , 84.17
15:10:57, 11.86, 1005.91 , 63.00 , 82.50
15:11:03, 11.96, 1005.95 , 63.44 , 81.62
15:11:10, 12.09, 1005.97 , 62.76 , 79.90
15:11:20, 12.24, 1005.99 , 62.02 , 77.81
15:11:31, 12.41, 1006.01 , 61.37 , 76.11
15:11:41, 12.59, 1005.99 , 60.68 , 74.28
15:11:51, 12.79, 1006.01 , 59.99 , 72.85
15:12:02, 13.00, 1006.05 , 59.28 , 71.79
15:12:12, 13.21, 1006.03 , 58.65 , 70.21
15:12:23, 13.44, 1006.07 , 58.06 , 69.28
15:12:33, 13.66, 1006.08 , 57.55 , 67.98
15:12:43, 13.88, 1006.08 , 57.13 , 67.11
15:12:54, 14.11, 1006.08 , 56.80 , 66.20
15:13:04, 14.34, 1006.10 , 56.44 , 65.12
15:13:15, 14.57, 1006.10 , 56.11 , 64.07
15:13:25, 14.79, 1006.14 , 55.81 , 63.82
15:13:36, 15.02, 1006.14 , 55.51 , 62.81
15:13:46, 15.25, 1006.16 , 55.22 , 61.70
15:13:56, 15.48, 1006.16 , 54.94 , 60.93
15:14:07, 15.70, 1006.18 , 54.69 , 60.10
15:14:17, 15.92, 1006.16 , 54.52 , 59.29
15:14:28, 16.15, 1006.18 , 54.35 , 58.75
15:14:38, 16.36, 1006.18 , 54.15 , 58.01
15:14:55, 16.58, 1006.22 , 53.95 , 57.29
15:15:04, 16.79, 1006.22 , 53.84 , 56.52
15:15:09, 17.00, 1006.20 , 53.76 , 55.95
15:15:21, 17.20, 1006.24 , 53.69 , 55.36
15:15:36, 17.40, 1006.22 , 53.53 , 54.81
15:15:43, 17.60, 1006.24 , 53.33 , 54.20
15:15:56, 17.79, 1006.26 , 53.22 , 53.65
15:16:07, 17.98, 1006.26 , 53.17 , 52.97
15:16:13, 18.17, 1006.24 , 53.14 , 52.53
15:16:31, 18.35, 1006.26 , 53.04 , 51.78
15:16:42, 18.53, 1006.26 , 52.90 , 51.40
15:16:47, 18.70, 1006.28 , 52.83 , 51.02
15:16:57, 18.88, 1006.30 , 52.83 , 50.68
15:17:07, 19.04, 1006.30 , 52.84 , 50.28
15:17:17, 19.20, 1006.30 , 52.79 , 49.75
15:17:27, 19.36, 1006.28 , 52.68 , 49.22
15:17:37, 19.52, 1006.32 , 52.63 , 48.73
15:17:50, 19.68, 1006.32 , 52.61 , 48.45
15:18:00, 19.83, 1006.32 , 52.52 , 48.08
15:18:10, 19.98, 1006.34 , 52.38 , 47.62
15:18:19, 20.13, 1006.32 , 52.26 , 47.29
15:18:29, 20.28, 1006.34 , 52.22 , 46.97
15:18:42, 20.43, 1006.34 , 52.11 , 46.50
15:18:53, 20.57, 1006.36 , 52.02 , 46.14
15:19:03, 20.71, 1006.36 , 51.99 , 45.84
15:19:13, 20.84, 1006.36 , 51.98 , 45.64
15:19:23, 20.98, 1006.34 , 51.93 , 45.34
15:19:33, 21.11, 1006.36 , 51.88 , 45.20
15:19:50, 21.24, 1006.34 , 51.78 , 44.81
15:20:00, 21.36, 1006.36 , 51.72 , 44.57
15:20:10, 21.48, 1006.36 , 51.70 , 44.33
15:20:20, 21.60, 1006.38 , 51.83 , 44.10
15:20:30, 21.71, 1006.36 , 51.76 , 44.14
15:20:40, 21.82, 1006.38 , 51.79 , 43.68
15:20:49, 21.93, 1006.38 , 51.85 , 43.37
15:20:53, 22.04, 1006.38 , 51.79 , 43.28
15:21:04, 22.14, 1006.38 , 51.71 , 43.23
15:21:24, 22.24, 1006.40 , 51.66 , 43.01
15:21:32, 22.33, 1006.40 , 51.85 , 42.74
15:21:44, 22.42, 1006.40 , 51.95 , 42.44
15:21:54, 22.51, 1006.40 , 51.93 , 42.18
15:22:05, 22.60, 1006.42 , 51.85 , 42.10
15:22:10, 22.69, 1006.42 , 51.81 , 42.18
15:22:30, 22.77, 1006.40 , 51.70 , 41.93
15:22:30, 22.86, 1006.42 , 51.66 , 41.55
15:22:46, 22.95, 1006.40 , 51.62 , 41.47
15:22:48, 23.03, 1006.44 , 51.59 , 40.94
15:23:00, 23.11, 1006.42 , 51.51 , 41.22
15:23:25, 23.20, 1006.42 , 51.47 , 41.22
15:23:25, 23.28, 1006.42 , 51.43 , 40.82
15:23:45, 23.36, 1006.42 , 51.43 , 40.82
15:23:45, 23.43, 1006.42 , 51.37 , 40.51
15:24:05, 23.51, 1006.44 , 51.32 , 40.54
15:24:05, 23.58, 1006.44 , 51.30 , 40.39
15:24:26, 23.65, 1006.46 , 51.31 , 40.31
15:24:26, 23.72, 1006.44 , 51.33 , 39.92
15:24:47, 23.79, 1006.46 , 51.33 , 39.96
15:24:47, 23.86, 1006.44 , 51.29 , 39.77
15:25:08, 23.93, 1006.48 , 51.31 , 39.66
15:25:08, 23.99, 1006.46 , 51.37 , 39.58
15:25:19, 24.06, 1006.44 , 51.35 , 39.47
15:25:39, 24.12, 1006.46 , 51.36 , 39.18
15:25:39, 24.18, 1006.48 , 51.34 , 39.10
15:26:04, 24.24, 1006.48 , 51.29 , 39.25
15:26:04, 24.30, 1006.48 , 51.33 , 38.92
15:26:24, 24.35, 1006.44 , 51.29 , 38.92
15:26:24, 24.41, 1006.46 , 51.34 , 38.78
15:26:45, 24.46, 1006.46 , 51.32 , 39.06
15:26:45, 24.51, 1006.46 , 51.26 , 38.63
15:27:06, 24.57, 1006.48 , 51.31 , 38.60
15:27:06, 24.61, 1006.48 , 51.40 , 38.28
15:27:19, 24.66, 1006.46 , 51.37 , 38.35
15:27:19, 24.71, 1006.50 , 51.37 , 38.03
15:27:44, 24.76, 1006.48 , 51.37 , 38.14
15:27:44, 24.81, 1006.50 , 51.36 , 38.00
15:28:00, 24.85, 1006.50 , 51.33 , 38.03
15:28:20, 24.90, 1006.48 , 51.31 , 37.90
15:28:20, 24.94, 1006.50 , 51.28 , 37.69
15:28:40, 24.99, 1006.50 , 51.28 , 38.03
15:28:40, 25.03, 1006.52 , 51.28 , 37.76
15:29:01, 25.07, 1006.50 , 51.30 , 37.55
15:29:01, 25.11, 1006.50 , 51.32 , 37.49
15:29:22, 25.15, 1006.52 , 51.28 , 37.35
15:29:22, 25.19, 1006.50 , 51.27 , 37.29
15:29:43, 25.23, 1006.50 , 51.25 , 37.29
15:29:43, 25.27, 1006.50 , 51.25 , 37.35
15:30:04, 25.31, 1006.52 , 51.26 , 37.19
15:30:04, 25.34, 1006.52 , 51.27 , 37.12
15:30:25, 25.38, 1006.52 , 51.27 , 37.15
15:30:25, 25.42, 1006.54 , 51.21 , 37.19
15:30:45, 25.45, 1006.56 , 51.19 , 36.96
15:30:45, 25.49, 1006.54 , 51.19 , 36.76
15:31:06, 25.52, 1006.54 , 51.24 , 36.79
15:31:06, 25.56, 1006.56 , 51.26 , 36.89
15:31:27, 25.59, 1006.56 , 51.24 , 36.63
15:31:27, 25.63, 1006.56 , 51.23 , 36.83
15:31:48, 25.66, 1006.58 , 51.23 , 36.66
15:31:48, 25.69, 1006.58 , 51.27 , 36.57
15:31:49, 25.72, 1006.56 , 51.30 , 36.50
15:32:09, 25.74, 1006.56 , 51.33 , 36.44
15:32:10, 25.77, 1006.59 , 51.33 , 36.38
15:32:30, 25.80, 1006.58 , 51.32 , 36.54
15:32:31, 25.82, 1006.58 , 51.31 , 36.22
15:32:51, 25.85, 1006.58 , 51.31 , 36.03
15:32:52, 25.88, 1006.58 , 51.31 , 36.13
15:33:20, 25.90, 1006.59 , 51.28 , 36.16
15:33:20, 25.93, 1006.61 , 51.30 , 36.09
15:33:40, 25.95, 1006.61 , 51.30 , 36.19
15:33:40, 25.97, 1006.59 , 51.31 , 36.06
15:34:02, 26.00, 1006.59 , 51.33 , 36.03
15:34:02, 26.02, 1006.61 , 51.33 , 36.03
15:34:06, 26.04, 1006.61 , 51.36 , 35.94
15:34:26, 26.06, 1006.61 , 51.35 , 35.94
15:34:26, 26.08, 1006.63 , 51.34 , 35.81
15:34:47, 26.10, 1006.63 , 51.33 , 35.81
15:34:47, 26.13, 1006.63 , 51.32 , 35.85
15:35:08, 26.15, 1006.63 , 51.30 , 35.78
15:35:08, 26.17, 1006.61 , 51.33 , 35.91
15:35:29, 26.19, 1006.61 , 51.33 , 35.72
15:35:29, 26.21, 1006.63 , 51.34 , 35.66
15:35:50, 26.23, 1006.63 , 51.35 , 35.85
15:35:50, 26.25, 1006.65 , 51.36 , 35.69
15:36:10, 26.26, 1006.65 , 51.37 , 35.75
15:36:10, 26.28, 1006.65 , 51.34 , 35.63
15:36:31, 26.30, 1006.67 , 51.34 , 35.69
15:36:31, 26.32, 1006.67 , 51.35 , 35.69
15:37:00, 26.34, 1006.67 , 51.33 , 35.51
15:37:00, 26.36, 1006.67 , 51.30 , 35.63
15:37:20, 26.37, 1006.67 , 51.30 , 35.66
15:37:20, 26.39, 1006.65 , 51.31 , 35.60
15:37:41, 26.41, 1006.69 , 51.35 , 35.63
15:37:41, 26.42, 1006.69 , 51.37 , 35.60
15:38:00, 26.44, 1006.69 , 51.37 , 35.33
15:38:00, 26.45, 1006.71 , 51.38 , 35.54
15:38:21, 26.47, 1006.69 , 51.37 , 35.30
15:38:21, 26.48, 1006.69 , 51.34 , 35.54
15:38:41, 26.50, 1006.71 , 51.34 , 35.30
15:38:41, 26.51, 1006.71 , 51.34 , 35.36
15:39:02, 26.53, 1006.69 , 51.33 , 35.48
15:39:02, 26.54, 1006.69 , 51.34 , 35.33
15:39:23, 26.56, 1006.73 , 51.36 , 35.39
15:39:23, 26.57, 1006.75 , 51.35 , 35.45
15:39:44, 26.59, 1006.73 , 51.31 , 35.48
15:39:44, 26.60, 1006.73 , 51.33 , 35.45
15:40:06, 26.61, 1006.75 , 51.36 , 35.36
15:40:06, 26.62, 1006.73 , 51.40 , 35.48
15:40:27, 26.64, 1006.75 , 51.41 , 35.39
15:40:27, 26.65, 1006.73 , 51.39 , 35.18
15:40:47, 26.66, 1006.73 , 51.40 , 35.27
15:40:47, 26.67, 1006.75 , 51.43 , 35.42
15:41:08, 26.68, 1006.73 , 51.37 , 35.33
15:41:08, 26.70, 1006.75 , 51.33 , 35.36
15:41:29, 26.71, 1006.79 , 51.36 , 35.24
15:41:29, 26.72, 1006.77 , 51.39 , 35.33
15:41:50, 26.73, 1006.77 , 51.38 , 35.33
15:41:50, 26.74, 1006.77 , 51.39 , 35.27
15:42:11, 26.75, 1006.77 , 51.38 , 35.12
15:42:11, 26.76, 1006.75 , 51.36 , 35.24
15:42:19, 26.77, 1006.77 , 51.38 , 35.42
15:42:39, 26.79, 1006.75 , 51.41 , 35.21
15:42:39, 26.80, 1006.77 , 51.41 , 35.21
15:43:00, 26.81, 1006.75 , 51.41 , 35.27
15:43:00, 26.81, 1006.77 , 51.41 , 35.21
15:43:20, 26.82, 1006.77 , 51.45 , 35.24
15:43:20, 26.83, 1006.77 , 51.49 , 35.33
15:43:40, 26.84, 1006.77 , 51.50 , 35.18
15:43:40, 26.84, 1006.75 , 51.52 , 35.12
15:44:01, 26.85, 1006.81 , 51.51 , 35.12
15:44:01, 26.86, 1006.79 , 51.51 , 35.18
15:44:22, 26.87, 1006.81 , 51.49 , 35.27
15:44:22, 26.87, 1006.79 , 51.44 , 35.18
15:44:43, 26.88, 1006.79 , 51.45 , 35.24
15:44:43, 26.89, 1006.79 , 51.45 , 35.18
15:45:04, 26.90, 1006.79 , 51.46 , 35.24
15:45:04, 26.91, 1006.81 , 51.44 , 35.33
15:45:25, 26.92, 1006.79 , 51.43 , 35.09
15:45:25, 26.93, 1006.81 , 51.43 , 35.21
15:45:47, 26.93, 1006.79 , 51.44 , 35.33
15:45:47, 26.94, 1006.77 , 51.45 , 35.06
15:46:07, 26.95, 1006.79 , 51.43 , 35.21
15:46:07, 26.95, 1006.79 , 51.43 , 35.21
15:46:28, 26.96, 1006.77 , 51.49 , 35.18
15:46:28, 26.96, 1006.79 , 51.51 , 35.15
15:46:49, 26.97, 1006.79 , 51.53 , 35.15
15:46:49, 26.97, 1006.79 , 51.53 , 35.24
15:47:10, 26.98, 1006.79 , 51.53 , 35.18
15:47:10, 26.99, 1006.79 , 51.54 , 35.27
15:47:31, 26.99, 1006.79 , 51.52 , 35.21
15:47:31, 27.00, 1006.79 , 51.51 , 35.36
15:47:52, 27.00, 1006.77 , 51.50 , 35.33
15:47:52, 27.01, 1006.83 , 51.51 , 35.09
15:47:59, 27.01, 1006.81 , 51.49 , 35.24
15:48:20, 27.02, 1006.81 , 51.47 , 35.36
15:48:20, 27.03, 1006.83 , 51.47 , 35.24
15:48:40, 27.03, 1006.81 , 51.47 , 35.39
15:48:40, 27.04, 1006.81 , 51.47 , 35.21
15:49:02, 27.04, 1006.83 , 51.46 , 35.21
15:49:02, 27.05, 1006.83 , 51.45 , 35.18
15:49:22, 27.05, 1006.81 , 51.43 , 35.15
15:49:22, 27.06, 1006.83 , 51.45 , 35.36
15:49:43, 27.07, 1006.83 , 51.44 , 35.24
15:49:43, 27.07, 1006.83 , 51.43 , 35.12
15:50:04, 27.08, 1006.81 , 51.43 , 35.24
15:50:04, 27.08, 1006.83 , 51.46 , 35.48
15:50:25, 27.09, 1006.83 , 51.46 , 35.21
15:50:25, 27.09, 1006.83 , 51.46 , 35.33
15:50:46, 27.09, 1006.83 , 51.47 , 35.36
15:50:46, 27.10, 1006.81 , 51.45 , 35.27
15:50:59, 27.10, 1006.83 , 51.44 , 35.27
15:51:06, 27.10, 1006.83 , 51.46 , 35.24
15:51:26, 27.11, 1006.83 , 51.48 , 35.21
15:51:26, 27.11, 1006.83 , 51.48 , 35.30
15:51:47, 27.11, 1006.83 , 51.46 , 35.33
15:51:48, 27.12, 1006.83 , 51.47 , 35.30
15:52:08, 27.12, 1006.83 , 51.47 , 35.48
15:52:09, 27.12, 1006.83 , 51.47 , 35.51
15:52:29, 27.12, 1006.83 , 51.51 , 35.36
15:52:29, 27.12, 1006.83 , 51.55 , 35.54
15:52:50, 27.12, 1006.83 , 51.55 , 35.30
15:52:50, 27.12, 1006.85 , 51.54 , 35.51
15:53:00, 27.12, 1006.85 , 51.49 , 35.48
15:53:20, 27.13, 1006.85 , 51.47 , 35.33
15:53:21, 27.13, 1006.85 , 51.49 , 35.69
15:53:41, 27.13, 1006.85 , 51.47 , 35.33
15:53:42, 27.14, 1006.83 , 51.43 , 35.36
15:54:02, 27.14, 1006.83 , 51.43 , 35.51
15:54:03, 27.14, 1006.85 , 51.47 , 35.63
15:54:14, 27.14, 1006.85 , 51.49 , 35.51
15:54:34, 27.15, 1006.85 , 51.47 , 35.39
15:54:34, 27.15, 1006.85 , 51.45 , 35.54
15:54:54, 27.15, 1006.85 , 51.45 , 35.54
15:54:55, 27.16, 1006.85 , 51.43 , 35.48
15:55:15, 27.16, 1006.89 , 51.40 , 35.48
15:55:16, 27.17, 1006.89 , 51.38 , 35.63
15:55:37, 27.17, 1006.87 , 51.39 , 35.63
15:55:37, 27.18, 1006.87 , 51.38 , 35.66
15:55:57, 27.18, 1006.89 , 51.37 , 35.57
15:55:57, 27.19, 1006.89 , 51.35 , 35.57
15:56:18, 27.19, 1006.87 , 51.35 , 35.72
15:56:18, 27.19, 1006.87 , 51.37 , 35.60
15:56:39, 27.20, 1006.87 , 51.40 , 35.57
15:56:39, 27.20, 1006.89 , 51.38 , 35.69
15:57:06, 27.20, 1006.89 , 51.37 , 35.57
15:57:06, 27.21, 1006.89 , 51.36 , 35.57
15:57:26, 27.21, 1006.87 , 51.35 , 35.48
15:57:26, 27.21, 1006.87 , 51.34 , 35.69
15:57:47, 27.22, 1006.87 , 51.33 , 35.66
15:57:47, 27.22, 1006.89 , 51.33 , 35.81
15:58:00, 27.22, 1006.89 , 51.30 , 35.66
15:58:20, 27.23, 1006.89 , 51.30 , 35.81
15:58:20, 27.23, 1006.87 , 51.30 , 35.60
15:58:40, 27.24, 1006.87 , 51.29 , 35.91
15:58:40, 27.24, 1006.91 , 51.30 , 35.85
15:59:02, 27.24, 1006.89 , 51.29 , 35.91
15:59:02, 27.25, 1006.89 , 51.31 , 35.75
15:59:19, 27.25, 1006.89 , 51.32 , 35.88
15:59:19, 27.25, 1006.89 , 51.32 , 35.69
15:59:39, 27.25, 1006.89 , 51.34 , 35.85
15:59:39, 27.25, 1006.89 , 51.33 , 35.72
16:00:00, 27.25, 1006.89 , 51.34 , 35.91
16:00:00, 27.25, 1006.89 , 51.33 , 35.94
16:00:11, 27.25, 1006.89 , 51.32 , 35.81
16:00:31, 27.25, 1006.89 , 51.33 , 35.97
16:00:31, 27.25, 1006.89 , 51.34 , 35.85
16:00:51, 27.25, 1006.89 , 51.36 , 35.94
16:00:51, 27.25, 1006.89 , 51.34 , 35.91
16:01:12, 27.26, 1006.89 , 51.31 , 35.91
16:01:12, 27.26, 1006.91 , 51.29 , 35.81
16:01:33, 27.26, 1006.89 , 51.26 , 36.19
16:01:33, 27.26, 1006.89 , 51.28 , 36.13
16:01:54, 27.26, 1006.89 , 51.29 , 36.00
16:01:54, 27.27, 1006.89 , 51.25 , 35.97
16:02:15, 27.27, 1006.89 , 51.25 , 36.09
16:02:15, 27.27, 1006.89 , 51.26 , 36.09
16:02:36, 27.27, 1006.89 , 51.27 , 36.22
16:02:36, 27.27, 1006.89 , 51.30 , 36.06
16:02:57, 27.27, 1006.89 , 51.30 , 36.16
16:02:57, 27.27, 1006.89 , 51.30 , 36.06
16:03:20, 27.27, 1006.89 , 51.25 , 36.00
16:03:20, 27.27, 1006.89 , 51.25 , 36.19
16:03:41, 27.27, 1006.89 , 51.25 , 36.09
16:03:41, 27.27, 1006.89 , 51.25 , 36.09
16:04:01, 27.27, 1006.87 , 51.23 , 36.19
16:04:01, 27.27, 1006.87 , 51.22 , 36.13
16:04:22, 27.27, 1006.87 , 51.21 , 36.16
16:04:22, 27.27, 1006.87 , 51.23 , 36.16
16:04:43, 27.28, 1006.87 , 51.22 , 36.19
16:04:43, 27.28, 1006.87 , 51.21 , 36.28
16:04:59, 27.28, 1006.87 , 51.22 , 36.38
16:04:59, 27.28, 1006.87 , 51.18 , 36.35
16:05:19, 27.28, 1006.89 , 51.16 , 36.31
16:05:19, 27.28, 1006.89 , 51.16 , 36.25
16:05:39, 27.28, 1006.89 , 51.14 , 36.41
16:05:41, 27.28, 1006.89 , 51.14 , 36.38
16:06:01, 27.29, 1006.89 , 51.15 , 36.35
16:06:01, 27.29, 1006.89 , 51.14 , 36.57
16:06:21, 27.29, 1006.89 , 51.14 , 36.38
16:06:22, 27.29, 1006.87 , 51.14 , 36.28
16:06:42, 27.29, 1006.87 , 51.14 , 36.57
16:06:43, 27.29, 1006.87 , 51.12 , 36.57
16:07:03, 27.29, 1006.87 , 51.10 , 36.50
16:07:04, 27.30, 1006.87 , 51.06 , 36.54
16:07:24, 27.30, 1006.89 , 51.07 , 36.38
16:07:24, 27.30, 1006.89 , 51.03 , 36.41
16:07:45, 27.31, 1006.87 , 51.02 , 36.54
16:07:46, 27.31, 1006.87 , 51.00 , 36.57
16:08:00, 27.32, 1006.87 , 51.00 , 36.47
16:08:20, 27.32, 1006.91 , 51.01 , 36.44
16:08:20, 27.32, 1006.91 , 50.96 , 36.44
16:08:28, 27.33, 1006.91 , 50.98 , 36.54
16:08:48, 27.33, 1006.91 , 51.00 , 36.47
16:08:48, 27.33, 1006.91 , 50.99 , 36.63
16:09:08, 27.33, 1006.91 , 51.01 , 36.70
16:09:09, 27.34, 1006.89 , 51.03 , 36.54
16:09:29, 27.34, 1006.93 , 51.00 , 36.47
16:09:30, 27.34, 1006.91 , 50.98 , 36.76
16:09:50, 27.35, 1006.91 , 50.96 , 36.76
16:10:10, 27.35, 1006.91 , 50.97 , 36.41
16:10:10, 27.35, 1006.91 , 50.95 , 36.54
16:10:11, 27.36, 1006.91 , 50.94 , 36.66
16:10:31, 27.36, 1006.93 , 50.93 , 36.66
16:10:32, 27.36, 1006.93 , 50.92 , 36.76
16:11:00, 27.36, 1006.93 , 50.92 , 36.66
16:11:00, 27.36, 1006.93 , 50.96 , 36.63
16:11:20, 27.37, 1006.93 , 51.00 , 36.60
16:11:20, 27.37, 1006.93 , 51.00 , 36.70
16:11:41, 27.37, 1006.93 , 50.98 , 36.79
16:11:41, 27.37, 1006.93 , 50.97 , 36.76
16:12:02, 27.37, 1006.93 , 50.99 , 36.70
16:12:02, 27.37, 1006.93 , 50.99 , 36.96
16:12:23, 27.37, 1006.93 , 50.98 , 36.86
16:12:23, 27.37, 1006.93 , 50.98 , 36.70
16:12:44, 27.37, 1006.93 , 50.98 , 36.79
16:12:44, 27.37, 1006.93 , 50.98 , 36.89
16:13:00, 27.37, 1006.93 , 51.02 , 36.83
16:13:00, 27.37, 1006.95 , 51.02 , 36.79
16:13:20, 27.36, 1006.95 , 51.05 , 37.02
16:13:20, 27.36, 1006.95 , 51.03 , 36.83
16:13:40, 27.36, 1006.95 , 51.03 , 36.92
16:13:40, 27.36, 1006.97 , 51.02 , 37.12
16:14:06, 27.36, 1006.93 , 51.02 , 36.96
16:14:06, 27.35, 1006.95 , 51.01 , 37.02
16:14:26, 27.35, 1006.95 , 51.03 , 37.02
16:14:26, 27.35, 1006.95 , 51.02 , 37.12
16:14:47, 27.35, 1006.95 , 51.01 , 36.99
16:14:47, 27.35, 1006.95 , 50.99 , 36.96
16:15:08, 27.35, 1006.97 , 50.96 , 37.09
16:15:08, 27.35, 1006.97 , 50.95 , 37.25
16:15:29, 27.35, 1006.97 , 50.93 , 37.29
16:15:29, 27.35, 1006.97 , 50.92 , 37.02
16:15:50, 27.35, 1006.97 , 50.88 , 37.12
16:15:50, 27.35, 1006.97 , 50.89 , 37.19
16:16:11, 27.35, 1006.97 , 50.87 , 37.25
16:16:11, 27.36, 1006.97 , 50.87 , 37.25
16:16:19, 27.36, 1006.99 , 50.85 , 37.25
16:16:39, 27.36, 1006.99 , 50.82 , 37.06
16:16:39, 27.36, 1006.99 , 50.80 , 37.06
16:17:00, 27.36, 1006.99 , 50.82 , 37.19
16:17:00, 27.36, 1006.97 , 50.88 , 37.19
16:17:21, 27.35, 1006.97 , 50.92 , 37.19
16:17:21, 27.35, 1006.97 , 50.90 , 37.52
16:17:42, 27.35, 1006.99 , 50.88 , 37.15
16:17:42, 27.35, 1006.99 , 50.87 , 37.42
16:18:00, 27.35, 1006.99 , 50.84 , 37.49
16:18:00, 27.35, 1006.99 , 50.84 , 37.35
16:18:20, 27.35, 1007.01 , 50.87 , 37.52
16:18:21, 27.34, 1007.01 , 50.90 , 37.59
16:18:41, 27.34, 1007.01 , 50.90 , 37.55
16:19:01, 27.34, 1007.01 , 50.87 , 37.69
16:19:01, 27.34, 1007.01 , 50.84 , 37.42
16:19:22, 27.34, 1007.03 , 50.81 , 37.55
16:19:22, 27.34, 1007.03 , 50.79 , 37.72
16:19:23, 27.34, 1007.03 , 50.78 , 37.52
16:19:43, 27.34, 1007.03 , 50.77 , 37.45
16:19:44, 27.34, 1007.03 , 50.76 , 37.59
16:20:04, 27.35, 1007.03 , 50.71 , 37.42
16:20:05, 27.35, 1007.03 , 50.70 , 37.66
16:20:26, 27.35, 1007.03 , 50.73 , 37.76
16:20:26, 27.35, 1007.03 , 50.71 , 37.69
16:20:46, 27.35, 1007.03 , 50.68 , 37.59
16:20:47, 27.35, 1007.03 , 50.68 , 37.62
16:21:07, 27.35, 1007.03 , 50.67 , 37.62
16:21:07, 27.35, 1007.03 , 50.68 , 37.62
16:21:28, 27.34, 1007.03 , 50.71 , 37.72
16:21:28, 27.34, 1007.03 , 50.72 , 37.76
16:21:49, 27.34, 1007.03 , 50.71 , 37.96
16:21:49, 27.34, 1007.03 , 50.70 , 37.69
16:21:59, 27.34, 1007.03 , 50.68 , 37.69
16:22:20, 27.34, 1007.03 , 50.67 , 37.90
16:22:30, 27.34, 1007.03 , 50.64 , 37.76
16:22:50, 27.34, 1007.03 , 50.61 , 37.66
16:22:50, 27.35, 1007.03 , 50.61 , 37.76
16:22:59, 27.35, 1007.03 , 50.59 , 37.83
16:23:19, 27.35, 1007.03 , 50.57 , 38.07
16:23:19, 27.35, 1007.03 , 50.61 , 37.93
16:23:39, 27.35, 1007.03 , 50.59 , 37.90
16:23:39, 27.35, 1007.03 , 50.63 , 37.93
16:23:59, 27.35, 1007.03 , 50.65 , 38.14
16:23:59, 27.34, 1007.03 , 50.64 , 37.90
16:24:21, 27.34, 1007.03 , 50.63 , 37.96
16:24:21, 27.34, 1007.03 , 50.63 , 37.86
16:24:41, 27.35, 1007.03 , 50.60 , 37.96
16:24:41, 27.35, 1007.03 , 50.56 , 37.86
16:25:01, 27.35, 1007.03 , 50.56 , 38.17
16:25:01, 27.35, 1007.03 , 50.53 , 38.03
16:25:24, 27.35, 1007.03 , 50.51 , 37.96
16:25:24, 27.35, 1007.03 , 50.50 , 38.03
16:25:46, 27.36, 1007.03 , 50.50 , 37.96
16:25:46, 27.36, 1007.05 , 50.49 , 38.17
16:26:06, 27.36, 1007.05 , 50.47 , 38.03
16:26:06, 27.36, 1007.05 , 50.45 , 38.10
16:26:28, 27.36, 1007.05 , 50.50 , 38.28
16:26:28, 27.36, 1007.05 , 50.50 , 38.21
16:26:48, 27.36, 1007.05 , 50.50 , 38.14
16:26:48, 27.36, 1007.05 , 50.48 , 38.14
16:27:08, 27.36, 1007.05 , 50.46 , 38.14
16:27:08, 27.37, 1007.05 , 50.46 , 38.14
16:27:30, 27.37, 1007.05 , 50.44 , 38.21
16:27:30, 27.37, 1007.03 , 50.44 , 38.10
16:27:43, 27.37, 1007.03 , 50.42 , 38.28
16:27:43, 27.37, 1007.03 , 50.39 , 38.38
16:27:59, 27.37, 1007.03 , 50.39 , 38.31
16:28:19, 27.37, 1007.03 , 50.38 , 38.21
16:28:19, 27.37, 1007.03 , 50.37 , 38.38
16:28:39, 27.38, 1007.03 , 50.37 , 38.24
16:28:39, 27.38, 1007.05 , 50.36 , 38.45
16:28:59, 27.38, 1007.05 , 50.34 , 38.42
16:28:59, 27.38, 1007.05 , 50.35 , 38.49
16:29:20, 27.38, 1007.03 , 50.35 , 38.60
16:29:20, 27.38, 1007.03 , 50.33 , 38.60
16:29:40, 27.38, 1007.03 , 50.36 , 38.56
16:29:40, 27.38, 1007.03 , 50.36 , 38.35
16:30:00, 27.38, 1007.03 , 50.34 , 38.42
16:30:00, 27.38, 1007.03 , 50.34 , 38.45
16:30:23, 27.39, 1007.03 , 50.33 , 38.31
16:30:23, 27.39, 1007.03 , 50.33 , 38.42
16:30:43, 27.38, 1007.03 , 50.34 , 38.60
16:30:43, 27.38, 1007.05 , 50.37 , 38.70
16:31:03, 27.38, 1007.05 , 50.38 , 38.49
16:31:03, 27.38, 1007.05 , 50.35 , 38.60
16:31:25, 27.38, 1007.05 , 50.32 , 38.67
16:31:25, 27.38, 1007.05 , 50.29 , 38.60
16:31:46, 27.38, 1007.05 , 50.30 , 38.67
16:31:46, 27.38, 1007.05 , 50.31 , 38.60
16:32:06, 27.38, 1007.05 , 50.31 , 38.63
16:32:06, 27.38, 1007.05 , 50.28 , 38.88
16:32:28, 27.39, 1007.05 , 50.27 , 38.74
16:32:28, 27.39, 1007.05 , 50.24 , 38.60
16:32:48, 27.39, 1007.05 , 50.23 , 38.67
16:32:48, 27.39, 1007.05 , 50.24 , 38.85
16:32:59, 27.39, 1007.05 , 50.22 , 38.88
16:33:19, 27.39, 1007.03 , 50.21 , 38.85
16:33:19, 27.40, 1007.07 , 50.19 , 38.88
16:33:39, 27.40, 1007.07 , 50.18 , 38.74
16:33:39, 27.40, 1007.07 , 50.16 , 38.88
16:34:00, 27.40, 1007.07 , 50.18 , 38.78
16:34:00, 27.40, 1007.07 , 50.17 , 38.85
16:34:20, 27.40, 1007.07 , 50.16 , 38.92
16:34:20, 27.40, 1007.05 , 50.15 , 38.74
16:34:40, 27.41, 1007.05 , 50.14 , 38.74
16:34:40, 27.41, 1007.05 , 50.13 , 38.74
16:35:00, 27.41, 1007.05 , 50.13 , 38.96
16:35:02, 27.41, 1007.05 , 50.14 , 38.85
16:35:22, 27.41, 1007.05 , 50.12 , 38.85
16:35:22, 27.41, 1007.05 , 50.11 , 38.85
16:35:42, 27.41, 1007.05 , 50.09 , 39.03
16:36:02, 27.42, 1007.07 , 50.07 , 39.06
16:36:02, 27.42, 1007.07 , 50.08 , 38.88
16:36:05, 27.42, 1007.07 , 50.06 , 39.03
16:36:25, 27.42, 1007.07 , 50.03 , 38.99
16:36:25, 27.42, 1007.09 , 50.06 , 39.18
16:36:44, 27.42, 1007.09 , 50.08 , 39.14
16:36:56, 27.42, 1007.09 , 50.11 , 39.18
16:36:56, 27.42, 1007.09 , 50.13 , 39.10
16:37:16, 27.42, 1007.10 , 50.11 , 39.06
16:37:36, 27.42, 1007.10 , 50.07 , 39.25
16:37:36, 27.41, 1007.09 , 50.06 , 39.32
16:37:56, 27.41, 1007.09 , 50.07 , 39.21
16:37:56, 27.42, 1007.10 , 50.05 , 39.29
16:37:58, 27.42, 1007.10 , 50.01 , 39.14
16:38:20, 27.42, 1007.12 , 49.99 , 39.06
16:38:20, 27.42, 1007.12 , 49.99 , 39.32
16:38:40, 27.42, 1007.12 , 49.98 , 39.10
16:38:40, 27.42, 1007.12 , 49.98 , 39.18
16:39:00, 27.42, 1007.12 , 50.01 , 39.21
16:39:02, 27.42, 1007.14 , 50.02 , 39.03
16:39:22, 27.42, 1007.14 , 49.99 , 39.40
16:39:22, 27.42, 1007.14 , 49.96 , 39.36
16:39:42, 27.42, 1007.14 , 49.92 , 39.40
16:39:42, 27.42, 1007.14 , 49.94 , 39.47
16:40:02, 27.42, 1007.14 , 49.93 , 39.36
16:40:05, 27.42, 1007.14 , 49.92 , 39.40
16:40:25, 27.42, 1007.16 , 49.93 , 39.58
16:40:25, 27.42, 1007.16 , 49.92 , 39.29
16:40:45, 27.43, 1007.16 , 49.92 , 39.51
16:40:45, 27.43, 1007.16 , 49.90 , 39.47
16:40:56, 27.43, 1007.16 , 49.88 , 39.29
16:41:17, 27.43, 1007.16 , 49.87 , 39.32
16:41:17, 27.43, 1007.16 , 49.86 , 39.40
16:41:37, 27.43, 1007.16 , 49.86 , 39.40
16:41:37, 27.43, 1007.18 , 49.85 , 39.58
16:41:57, 27.43, 1007.18 , 49.82 , 39.62
16:41:58, 27.44, 1007.20 , 49.81 , 39.55
16:42:18, 27.44, 1007.20 , 49.79 , 39.36
16:42:18, 27.44, 1007.20 , 49.77 , 39.77
16:42:46, 27.44, 1007.20 , 49.75 , 39.55
16:42:46, 27.45, 1007.20 , 49.74 , 39.62
16:43:00, 27.45, 1007.20 , 49.74 , 39.51
16:43:00, 27.45, 1007.20 , 49.72 , 39.58
16:43:17, 27.45, 1007.20 , 49.69 , 39.70
16:43:37, 27.46, 1007.24 , 49.71 , 39.47
16:43:37, 27.46, 1007.24 , 49.72 , 39.51
16:43:57, 27.46, 1007.24 , 49.71 , 39.66
16:43:57, 27.46, 1007.24 , 49.69 , 39.70
16:44:18, 27.46, 1007.24 , 49.68 , 39.70
16:44:18, 27.46, 1007.24 , 49.66 , 39.66
16:44:38, 27.46, 1007.24 , 49.65 , 39.51
16:44:38, 27.47, 1007.24 , 49.67 , 39.62
16:44:45, 27.47, 1007.24 , 49.67 , 39.81
16:45:05, 27.47, 1007.24 , 49.67 , 39.70
16:45:05, 27.47, 1007.24 , 49.67 , 39.62
16:45:25, 27.47, 1007.24 , 49.63 , 39.66
16:45:45, 27.47, 1007.24 , 49.58 , 39.66
16:45:45, 27.48, 1007.30 , 49.58 , 39.89
16:46:05, 27.48, 1007.30 , 49.56 , 39.70
16:46:05, 27.48, 1007.28 , 49.56 , 39.77
16:46:25, 27.48, 1007.28 , 49.55 , 39.92
16:46:25, 27.49, 1007.28 , 49.56 , 39.92
16:46:45, 27.49, 1007.28 , 49.54 , 39.96
16:46:45, 27.49, 1007.28 , 49.56 , 39.96
16:47:05, 27.49, 1007.28 , 49.57 , 39.89
16:47:05, 27.49, 1007.28 , 49.57 , 39.85
16:47:27, 27.49, 1007.28 , 49.56 , 39.92
16:47:27, 27.49, 1007.28 , 49.56 , 39.92
16:47:47, 27.50, 1007.30 , 49.55 , 40.00
16:47:47, 27.50, 1007.30 , 49.54 , 39.92
16:48:00, 27.50, 1007.30 , 49.53 , 40.04
16:48:20, 27.50, 1007.30 , 49.52 , 40.04
16:48:20, 27.50, 1007.30 , 49.52 , 39.96
16:48:40, 27.50, 1007.30 , 49.50 , 40.08
16:48:40, 27.50, 1007.30 , 49.50 , 40.08
16:49:00, 27.51, 1007.30 , 49.48 , 40.12
16:49:00, 27.51, 1007.30 , 49.45 , 40.04
16:49:22, 27.51, 1007.30 , 49.46 , 40.00
16:49:22, 27.51, 1007.30 , 49.45 , 40.15
16:49:42, 27.51, 1007.30 , 49.48 , 40.00
16:49:42, 27.51, 1007.30 , 49.48 , 40.12
16:50:02, 27.51, 1007.30 , 49.46 , 40.00
16:50:02, 27.51, 1007.30 , 49.46 , 40.23
16:50:25, 27.51, 1007.30 , 49.46 , 40.31
16:50:25, 27.51, 1007.30 , 49.44 , 40.00
16:50:39, 27.51, 1007.30 , 49.44 , 40.27
16:50:39, 27.51, 1007.32 , 49.43 , 40.27
16:50:59, 27.51, 1007.32 , 49.43 , 40.31
16:50:59, 27.51, 1007.32 , 49.42 , 40.39
16:51:20, 27.50, 1007.32 , 49.46 , 40.39
16:51:20, 27.50, 1007.34 , 49.52 , 40.39
16:51:40, 27.50, 1007.34 , 49.53 , 40.47
16:52:00, 27.49, 1007.32 , 49.51 , 40.47
16:52:00, 27.49, 1007.32 , 49.49 , 40.39
16:52:02, 27.49, 1007.32 , 49.44 , 40.19
16:52:22, 27.49, 1007.32 , 49.44 , 40.47
16:52:42, 27.50, 1007.36 , 49.42 , 40.51
16:52:42, 27.50, 1007.36 , 49.38 , 40.43
16:52:59, 27.50, 1007.36 , 49.36 , 40.54
16:52:59, 27.50, 1007.36 , 49.33 , 40.47
16:53:20, 27.50, 1007.36 , 49.34 , 40.51
16:53:20, 27.50, 1007.36 , 49.33 , 40.35
16:53:40, 27.51, 1007.36 , 49.32 , 40.54
16:53:40, 27.51, 1007.36 , 49.28 , 40.39
16:53:46, 27.51, 1007.36 , 49.29 , 40.54
16:54:07, 27.51, 1007.36 , 49.29 , 40.66
16:54:07, 27.51, 1007.36 , 49.30 , 40.58
16:54:28, 27.51, 1007.36 , 49.30 , 40.39
16:54:28, 27.51, 1007.36 , 49.28 , 40.39
16:54:48, 27.52, 1007.38 , 49.27 , 40.54
16:55:08, 27.52, 1007.38 , 49.27 , 40.35
16:55:08, 27.52, 1007.38 , 49.25 , 40.43
16:55:10, 27.52, 1007.38 , 49.22 , 40.78
16:55:30, 27.52, 1007.38 , 49.24 , 40.47
16:55:30, 27.52, 1007.38 , 49.27 , 40.54
16:55:50, 27.52, 1007.38 , 49.26 , 40.78
16:56:10, 27.52, 1007.38 , 49.25 , 40.62
16:56:10, 27.52, 1007.38 , 49.23 , 40.62
16:56:12, 27.52, 1007.38 , 49.23 , 40.74
16:56:32, 27.52, 1007.38 , 49.23 , 40.78
16:56:52, 27.52, 1007.38 , 49.22 , 40.86
16:56:52, 27.52, 1007.38 , 49.22 , 40.62
16:56:57, 27.52, 1007.38 , 49.24 , 40.86
16:57:17, 27.52, 1007.38 , 49.24 , 40.78
16:57:17, 27.52, 1007.40 , 49.22 , 40.74
16:57:37, 27.52, 1007.38 , 49.19 , 40.78
16:57:37, 27.52, 1007.38 , 49.15 , 40.82
16:57:57, 27.52, 1007.40 , 49.18 , 40.74
16:57:57, 27.52, 1007.40 , 49.22 , 41.02
16:58:20, 27.52, 1007.40 , 49.24 , 41.06
16:58:20, 27.52, 1007.40 , 49.24 , 40.70
16:58:40, 27.52, 1007.40 , 49.22 , 40.94
16:58:40, 27.51, 1007.38 , 49.20 , 41.02
16:59:00, 27.51, 1007.38 , 49.21 , 40.86
16:59:00, 27.51, 1007.38 , 49.19 , 41.06
16:59:21, 27.51, 1007.38 , 49.16 , 41.22
16:59:21, 27.52, 1007.40 , 49.15 , 41.02
16:59:46, 27.52, 1007.40 , 49.14 , 41.14
16:59:46, 27.52, 1007.40 , 49.12 , 41.06
17:00:06, 27.52, 1007.40 , 49.11 , 41.10
17:00:06, 27.52, 1007.40 , 49.08 , 41.27
17:00:31, 27.52, 1007.40 , 49.07 , 41.06
17:00:31, 27.52, 1007.40 , 49.06 , 41.02
17:00:51, 27.52, 1007.40 , 49.08 , 40.94
17:00:51, 27.52, 1007.40 , 49.10 , 41.18
17:01:11, 27.52, 1007.40 , 49.10 , 41.14
17:01:11, 27.52, 1007.40 , 49.08 , 41.02
17:01:32, 27.52, 1007.40 , 49.05 , 41.18
17:01:32, 27.53, 1007.40 , 49.01 , 41.18
17:01:49, 27.53, 1007.40 , 48.99 , 41.14
17:01:49, 27.53, 1007.40 , 48.99 , 41.22
17:02:10, 27.53, 1007.40 , 49.02 , 41.10
17:02:10, 27.53, 1007.40 , 49.02 , 41.31
17:02:30, 27.53, 1007.40 , 49.01 , 41.27
17:02:30, 27.53, 1007.40 , 48.99 , 41.27
17:02:50, 27.53, 1007.40 , 48.98 , 41.06
17:02:50, 27.53, 1007.40 , 48.97 , 41.31
17:02:59, 27.53, 1007.40 , 48.97 , 41.35
17:03:19, 27.53, 1007.40 , 48.98 , 41.31
17:03:19, 27.53, 1007.40 , 48.97 , 41.35
17:03:39, 27.53, 1007.40 , 48.98 , 41.35
17:03:39, 27.53, 1007.40 , 48.98 , 41.18
17:03:59, 27.53, 1007.42 , 48.97 , 41.31
17:04:01, 27.53, 1007.42 , 48.97 , 41.27
17:04:21, 27.53, 1007.42 , 48.93 , 41.43
17:04:21, 27.52, 1007.42 , 49.00 , 41.51
17:04:41, 27.52, 1007.44 , 49.05 , 41.55
17:05:01, 27.52, 1007.44 , 49.05 , 41.59
17:05:01, 27.51, 1007.42 , 49.02 , 41.68
17:05:03, 27.51, 1007.42 , 49.04 , 41.59
17:05:23, 27.51, 1007.44 , 49.05 , 41.64
17:05:43, 27.50, 1007.44 , 49.01 , 41.43
17:05:43, 27.50, 1007.44 , 48.97 , 41.43
17:06:03, 27.50, 1007.44 , 48.97 , 41.68
17:06:03, 27.50, 1007.44 , 48.97 , 41.64
17:06:25, 27.50, 1007.44 , 48.96 , 41.76
17:06:25, 27.50, 1007.46 , 48.94 , 41.51
17:06:45, 27.50, 1007.46 , 48.93 , 41.68
17:06:45, 27.50, 1007.44 , 48.91 , 41.59
17:07:00, 27.50, 1007.46 , 48.90 , 41.51
17:07:00, 27.50, 1007.46 , 48.87 , 41.68
17:07:20, 27.50, 1007.46 , 48.88 , 41.72
17:07:20, 27.50, 1007.46 , 48.90 , 41.55
17:07:39, 27.50, 1007.46 , 48.88 , 41.64
17:07:39, 27.50, 1007.46 , 48.87 , 41.84
17:07:59, 27.50, 1007.46 , 48.87 , 41.68
17:08:19, 27.50, 1007.46 , 48.85 , 41.84
17:08:19, 27.50, 1007.46 , 48.82 , 41.84
17:08:40, 27.50, 1007.46 , 48.82 , 41.72
17:08:40, 27.50, 1007.46 , 48.82 , 41.59
17:09:00, 27.50, 1007.46 , 48.81 , 41.59
17:09:00, 27.51, 1007.46 , 48.80 , 41.84
17:09:21, 27.51, 1007.46 , 48.79 , 41.97
17:09:21, 27.51, 1007.46 , 48.79 , 41.93
17:09:41, 27.51, 1007.46 , 48.77 , 41.89
17:09:41, 27.51, 1007.46 , 48.75 , 41.76
17:10:01, 27.51, 1007.46 , 48.76 , 41.80
17:10:01, 27.51, 1007.46 , 48.75 , 41.93
17:10:24, 27.52, 1007.48 , 48.74 , 41.72
17:10:24, 27.52, 1007.48 , 48.74 , 41.97
17:10:31, 27.52, 1007.48 , 48.72 , 41.93
17:10:51, 27.52, 1007.48 , 48.71 , 41.89
17:10:51, 27.52, 1007.48 , 48.70 , 41.93
17:11:11, 27.52, 1007.48 , 48.67 , 42.01
17:11:11, 27.52, 1007.50 , 48.69 , 41.97
17:11:31, 27.52, 1007.50 , 48.70 , 42.06
17:11:31, 27.52, 1007.50 , 48.69 , 42.10
17:11:51, 27.53, 1007.48 , 48.67 , 42.06
17:11:51, 27.53, 1007.48 , 48.66 , 42.01
17:12:00, 27.53, 1007.48 , 48.65 , 41.84
17:12:20, 27.53, 1007.48 , 48.65 , 42.01
17:12:40, 27.53, 1007.48 , 48.64 , 42.10
17:12:40, 27.53, 1007.48 , 48.61 , 42.01
17:12:59, 27.54, 1007.52 , 48.60 , 42.10
17:12:59, 27.54, 1007.52 , 48.58 , 42.10
17:13:20, 27.54, 1007.50 , 48.59 , 41.97
17:13:20, 27.54, 1007.50 , 48.57 , 42.14
17:13:40, 27.54, 1007.52 , 48.58 , 42.06
17:13:40, 27.54, 1007.52 , 48.60 , 42.10
17:14:00, 27.55, 1007.52 , 48.59 , 42.14
17:14:00, 27.55, 1007.52 , 48.59 , 42.14
17:14:21, 27.55, 1007.52 , 48.56 , 42.18
17:14:21, 27.55, 1007.52 , 48.58 , 42.22
17:14:41, 27.55, 1007.52 , 48.57 , 42.14
17:14:41, 27.55, 1007.52 , 48.56 , 42.14
17:15:01, 27.55, 1007.52 , 48.56 , 42.22
17:15:01, 27.55, 1007.52 , 48.56 , 42.14
17:15:24, 27.56, 1007.54 , 48.55 , 42.48
17:15:24, 27.56, 1007.54 , 48.52 , 42.18
17:15:44, 27.56, 1007.54 , 48.50 , 42.31
17:15:44, 27.56, 1007.54 , 48.53 , 42.35
17:16:04, 27.56, 1007.54 , 48.54 , 42.35
17:16:04, 27.56, 1007.54 , 48.54 , 42.31
17:16:27, 27.56, 1007.54 , 48.53 , 42.31
17:16:27, 27.56, 1007.56 , 48.52 , 42.31
17:16:47, 27.57, 1007.56 , 48.54 , 42.48
17:16:47, 27.57, 1007.56 , 48.52 , 42.44
17:17:07, 27.57, 1007.56 , 48.52 , 42.40
17:17:07, 27.57, 1007.56 , 48.50 , 42.31
17:17:30, 27.57, 1007.56 , 48.52 , 42.48
17:17:30, 27.57, 1007.56 , 48.50 , 42.57
17:17:50, 27.57, 1007.56 , 48.47 , 42.27
17:17:50, 27.58, 1007.57 , 48.45 , 42.35
17:17:59, 27.58, 1007.57 , 48.43 , 42.48
17:18:19, 27.58, 1007.57 , 48.42 , 42.44
17:18:19, 27.58, 1007.57 , 48.45 , 42.44
17:18:39, 27.58, 1007.57 , 48.50 , 42.53
17:18:39, 27.58, 1007.59 , 48.49 , 42.61
17:18:49, 27.58, 1007.59 , 48.47 , 42.53
17:19:10, 27.58, 1007.59 , 48.47 , 42.57
17:19:10, 27.58, 1007.59 , 48.43 , 42.53
17:19:30, 27.58, 1007.59 , 48.43 , 42.57
17:19:30, 27.57, 1007.57 , 48.37 , 42.44
17:19:50, 27.56, 1007.59 , 48.51 , 42.66
17:19:50, 27.55, 1007.59 , 48.63 , 42.74
17:19:59, 27.54, 1007.61 , 48.69 , 42.88
17:20:10, 27.53, 1007.59 , 48.67 , 42.79
17:20:21, 27.52, 1007.61 , 48.72 , 42.88
17:20:32, 27.51, 1007.61 , 48.69 , 42.96
17:20:44, 27.50, 1007.63 , 48.65 , 43.01
17:20:54, 27.50, 1007.63 , 48.70 , 42.83
17:21:01, 27.49, 1007.63 , 48.69 , 43.14
17:21:11, 27.48, 1007.63 , 48.68 , 43.01
17:21:22, 27.47, 1007.61 , 48.69 , 42.88
17:21:32, 27.46, 1007.61 , 48.73 , 43.05
17:21:42, 27.45, 1007.59 , 48.71 , 42.92
17:21:53, 27.45, 1007.61 , 48.68 , 43.23
17:22:03, 27.45, 1007.61 , 48.64 , 43.05
17:22:14, 27.44, 1007.63 , 48.61 , 43.19
17:22:24, 27.44, 1007.63 , 48.59 , 43.14
17:22:35, 27.43, 1007.63 , 48.58 , 43.28
17:22:45, 27.43, 1007.63 , 48.61 , 43.05
17:22:55, 27.42, 1007.65 , 48.61 , 43.10
17:23:06, 27.42, 1007.65 , 48.65 , 43.28
17:23:16, 27.41, 1007.63 , 48.65 , 43.14
17:23:27, 27.41, 1007.63 , 48.60 , 43.28
17:23:37, 27.42, 1007.67 , 48.55 , 43.23
17:23:47, 27.42, 1007.67 , 48.48 , 43.10
17:23:58, 27.43, 1007.65 , 48.40 , 43.19
17:24:11, 27.44, 1007.65 , 48.32 , 43.05
17:24:19, 27.46, 1007.67 , 48.23 , 42.88
17:24:33, 27.48, 1007.69 , 48.15 , 42.88
17:24:41, 27.50, 1007.69 , 48.05 , 42.61
17:24:51, 27.52, 1007.69 , 47.98 , 42.79
17:25:06, 27.55, 1007.67 , 47.88 , 42.61
17:25:18, 27.57, 1007.67 , 47.79 , 42.53
17:25:28, 27.60, 1007.67 , 47.67 , 42.18
17:25:38, 27.63, 1007.71 , 47.57 , 42.35
17:25:48, 27.66, 1007.69 , 47.60 , 42.35
17:25:55, 27.70, 1007.71 , 47.57 , 42.14
17:26:09, 27.74, 1007.71 , 47.49 , 42.31
17:26:15, 27.79, 1007.69 , 47.26 , 41.76
17:26:24, 27.84, 1007.71 , 46.87 , 41.72
17:26:34, 27.92, 1007.71 , 46.51 , 41.39
17:26:44, 28.00, 1007.73 , 46.21 , 41.35
17:26:55, 28.08, 1007.71 , 45.95 , 41.18
17:27:05, 28.18, 1007.73 , 45.68 , 40.90
17:27:16, 28.28, 1007.73 , 45.51 , 40.51
17:27:26, 28.38, 1007.73 , 45.38 , 40.31
17:27:37, 28.48, 1007.75 , 45.30 , 39.85
17:27:54, 28.58, 1007.77 , 45.19 , 39.62
17:27:59, 28.67, 1007.75 , 45.12 , 39.55
17:28:09, 28.77, 1007.77 , 45.08 , 39.03
17:28:20, 28.87, 1007.75 , 45.01 , 38.78
17:28:29, 28.97, 1007.77 , 44.93 , 38.49
17:28:47, 29.07, 1007.79 , 44.87 , 38.45
17:28:57, 29.17, 1007.77 , 44.77 , 38.21
17:29:01, 29.27, 1007.79 , 44.73 , 37.90
17:29:11, 29.37, 1007.88 , 44.65 , 37.83
17:29:21, 29.47, 1007.79 , 44.57 , 37.55
17:29:32, 29.57, 1007.88 , 44.50 , 37.39
17:29:44, 29.66, 1007.79 , 44.43 , 37.29
17:29:52, 29.76, 1007.88 , 44.37 , 36.92
17:30:02, 29.86, 1007.90 , 44.29 , 36.79
17:30:13, 29.96, 1007.88 , 44.21 , 36.35
17:30:23, 30.06, 1007.90 , 44.19 , 36.16
17:30:34, 30.16, 1007.90 , 44.15 , 36.06
17:30:44, 30.26, 1007.90 , 44.07 , 35.69
17:30:55, 30.36, 1007.92 , 44.06 , 35.66
17:31:07, 30.46, 1007.94 , 43.99 , 35.36
17:31:17, 30.55, 1007.92 , 43.92 , 35.18
17:31:27, 30.65, 1007.96 , 43.91 , 35.03
17:31:38, 30.74, 1007.94 , 43.87 , 34.69
17:31:48, 30.83, 1007.94 , 43.85 , 34.66
17:31:58, 30.93, 1007.98 , 43.81 , 34.40
17:32:08, 31.02, 1007.94 , 43.79 , 34.26
17:32:21, 31.11, 1007.98 , 43.76 , 34.15
17:32:37, 31.20, 1007.98 , 43.75 , 34.04
17:32:45, 31.29, 1007.98 , 43.67 , 33.81
17:32:55, 31.40, 1007.99 , 43.26 , 33.52
17:33:07, 31.51, 1007.98 , 42.75 , 33.38
17:33:17, 31.62, 1007.99 , 42.43 , 33.20
17:33:27, 31.74, 1007.99 , 42.37 , 32.88
17:33:36, 31.87, 1007.98 , 42.22 , 32.91
17:33:43, 31.99, 1007.99 , 42.02 , 32.47
17:33:53, 32.11, 1007.99 , 41.96 , 32.45
17:34:03, 32.24, 1008.03 , 41.82 , 32.15
17:34:14, 32.36, 1008.03 , 41.80 , 31.98
17:34:24, 32.48, 1008.01 , 41.72 , 31.88
17:34:39, 32.61, 1008.01 , 41.74 , 31.59
17:34:49, 32.72, 1008.03 , 41.93 , 31.33
17:35:00, 32.83, 1008.03 , 42.09 , 30.96
17:35:10, 32.94, 1008.03 , 42.11 , 30.75
17:35:18, 33.05, 1008.03 , 42.01 , 30.73
17:35:30, 33.15, 1008.03 , 42.01 , 30.33
17:35:37, 33.24, 1008.03 , 42.18 , 30.30
17:35:46, 33.33, 1008.05 , 42.33 , 30.24
17:36:02, 33.40, 1008.03 , 42.53 , 30.09
17:36:14, 33.47, 1008.07 , 42.65 , 30.13
17:36:24, 33.54, 1008.05 , 42.76 , 29.96
17:36:34, 33.60, 1008.05 , 42.83 , 29.94
17:36:45, 33.65, 1008.05 , 42.89 , 29.98
17:36:49, 33.70, 1008.07 , 42.97 , 29.83
17:36:59, 33.75, 1008.05 , 43.03 , 29.83
17:37:12, 33.79, 1008.07 , 43.06 , 29.74
17:37:22, 33.83, 1008.07 , 43.11 , 29.96
17:37:32, 33.86, 1008.07 , 43.15 , 29.96
17:37:42, 33.89, 1008.05 , 43.19 , 29.66
17:37:53, 33.92, 1008.09 , 43.22 , 29.91
17:38:04, 33.95, 1008.07 , 43.23 , 29.91
17:38:12, 33.98, 1008.09 , 43.28 , 29.98
17:38:22, 34.00, 1008.09 , 43.34 , 29.83
17:38:33, 34.02, 1008.09 , 43.36 , 29.76
17:38:43, 34.05, 1008.07 , 43.34 , 29.83
17:38:54, 34.07, 1008.07 , 43.33 , 29.70
17:39:04, 34.09, 1008.09 , 43.35 , 29.87
17:39:14, 34.11, 1008.09 , 43.38 , 29.70
17:39:25, 34.13, 1008.09 , 43.39 , 29.85
17:39:35, 34.15, 1008.09 , 43.36 , 29.72
17:39:46, 34.17, 1008.09 , 43.37 , 29.64
17:39:56, 34.18, 1008.09 , 43.40 , 29.85
17:40:07, 34.20, 1008.11 , 43.42 , 29.83
17:40:17, 34.21, 1008.09 , 43.43 , 29.81
17:40:27, 34.21, 1008.07 , 43.47 , 29.64
17:40:38, 34.22, 1008.09 , 43.48 , 29.76
17:40:48, 34.23, 1008.09 , 43.51 , 29.79
17:40:59, 34.23, 1008.09 , 43.53 , 29.70
17:41:09, 34.22, 1008.09 , 43.59 , 29.98